ID,Type,Epoch,Loss,Accuracy
1,Training,0,4.5946807861328125,0.0
2,Training,0,5.21573374348302,0.012903225806451613
3,Training,0,4.999663603110392,0.00819672131147541
