ID,Type,Epoch,Loss,Accuracy
1,Training,0,4.679733753204346,0.0
2,Training,0,6.085159117175687,0.012903225806451613
