ID,Type,Epoch,Loss,Accuracy
1,Training,0,4.734010696411133,0.03333333333333333
