ID,Type,Epoch,Loss,Accuracy
1,Training,0,4.644371509552002,0.0
2,Training,0,5.400032904840285,0.012903225806451611
3,Training,0,5.229504045892934,0.012021857923497267
