ID,Type,Epoch,Loss,Accuracy
1,Training,0,4.59369421005249,0.03333333333333333
